Área,Pólo,Igreja,B.2025,B.2026,M.2026,V.2026,TG.2026
CARIACICA SEDE - ES,CARIACICA SEDE - ES,060241 - ANTÔNIO F BORGES,2,0,50,13,63
CARIACICA SEDE - ES,CARIACICA SEDE - ES,060011 - CARIACICA SEDE,2,0,78,12,90
CARIACICA SEDE - ES,CARIACICA SEDE - ES,060506 - CENTRAL,1,0,95,12,107
CARIACICA SEDE - ES,CARIACICA SEDE - ES,061313 - LIMÃO,3,0,46,20,66
CARIACICA SEDE - ES,CARIACICA SEDE - ES,061300 - MANGARAÍ,3,0,53,3,56
CARIACICA SEDE - ES,CARIACICA SEDE - ES,061101 - MORADA DOS LAGOS,6,0,120,33,153
CARIACICA SEDE - ES,CARIACICA SEDE - ES,060690 - MORRINHOS,5,0,67,8,75
CARIACICA SEDE - ES,CARIACICA SEDE - ES,060487 - PROLAR II,5,2,79,10,89
CARIACICA SEDE - ES,CARIACICA SEDE - ES,060301 - SANTA LEOPOLDINA,2,0,53,25,78
CARIACICA SEDE - ES,CARIACICA SEDE - ES,060384 - SÃO JOÃO BATISTA,2,0,23,16,39
CARIACICA SEDE - ES,CARIACICA SEDE - ES,060267 - VILA MERLO I,3,0,81,11,92
CARIACICA SEDE - ES,CARIACICA SEDE - ES,060822 - VILA MERLO II,1,0,44,6,50
CARIACICA SEDE - ES,NOVA ROSA DA PENHA - ES,060469 - NOVA ESPERANÇA I,0,0,63,21,84
CARIACICA SEDE - ES,NOVA ROSA DA PENHA - ES,060557 - NOVA ESPERANÇA II,1,2,50,2,52
CARIACICA SEDE - ES,NOVA ROSA DA PENHA - ES,060769 - NOVA ESPERANÇA III,1,6,80,9,89
CARIACICA SEDE - ES,NOVA ROSA DA PENHA - ES,060126 - NOVA ROSA DA PENHA I,2,1,71,20,91
CARIACICA SEDE - ES,NOVA ROSA DA PENHA - ES,060358 - NOVA ROSA DA PENHA II,1,0,39,12,51
CARIACICA SEDE - ES,NOVA ROSA DA PENHA - ES,060556 - NOVA ROSA DA PENHA III,2,1,49,7,56
CARIACICA SEDE - ES,NOVA ROSA DA PENHA - ES,060820 - NOVA ROSA DA PENHA IV,4,0,58,16,74
CARIACICA SEDE - ES,NOVA ROSA DA PENHA - ES,060894 - NOVA ROSA DA PENHA V,5,1,34,13,47
CARIACICA SEDE - ES,NOVA ROSA DA PENHA - ES,060833 - NOVA ROSA DA PENHA VI,1,1,33,5,38
CARIACICA SEDE - ES,PORTO CARIACICA - ES,060552 - CAMPO VERDE I,3,1,51,13,64
CARIACICA SEDE - ES,PORTO CARIACICA - ES,060947 - CAMPO VERDE II,0,2,37,15,52
CARIACICA SEDE - ES,PORTO CARIACICA - ES,060124 - PLANETA,4,1,75,11,86
CARIACICA SEDE - ES,PORTO CARIACICA - ES,060064 - PORTO BELO I- ( PORTO DE CARI,3,0,69,13,82
CARIACICA SEDE - ES,PORTO CARIACICA - ES,060230 - PORTO BELO II,2,0,47,5,52
CARIACICA SEDE - ES,PORTO CARIACICA - ES,060705 - PORTO BELO III,2,0,69,10,79
CARIACICA SEDE - ES,PORTO CARIACICA - ES,060363 - PORTO BELO IV,3,1,51,5,56
ITACIBÁ - ES,ITACIBA  - ES,060657 - ITACIBA III,6,3,77,3,80
ITACIBÁ - ES,ITACIBA  - ES,060027 - ITACIBÁ I,9,0,157,23,180
ITACIBÁ - ES,ITACIBA  - ES,060395 - ITACIBÁ II,0,3,44,4,48
ITACIBÁ - ES,ITACIBA  - ES,060882 - ITACIBÁ V,2,1,37,19,56
ITACIBÁ - ES,ITACIBA  - ES,060884 - ITACIBÁ VI,1,0,39,14,53
ITACIBÁ - ES,ITACIBA  - ES,060167 - ORIENTE I,6,1,101,7,108
ITACIBÁ - ES,ITACIBA  - ES,060340 - ORIENTE II,1,1,55,21,76
ITACIBÁ - ES,ITACIBA  - ES,060754 - ORIENTE III,2,0,46,12,58
ITACIBÁ - ES,ITACIBA  - ES,060733 - ORIENTE IV,0,0,56,9,65
ITACIBÁ - ES,ITACIBA  - ES,060278 - TUCUM I,1,2,57,8,65
ITACIBÁ - ES,ITACIBA  - ES,060444 - TUCUM II,1,0,58,16,74
ITACIBÁ - ES,SANTANA - ES,060727 - CONJUNTO,0,3,74,27,101
ITACIBÁ - ES,SANTANA - ES,060221 - GRAUNA I,1,0,71,11,82
ITACIBÁ - ES,SANTANA - ES,060802 - GRAUNA II,6,1,55,19,74
ITACIBÁ - ES,SANTANA - ES,060220 - PONTO FINAL,5,3,112,18,130
ITACIBÁ - ES,SANTANA - ES,060050 - SANTANA I,3,1,89,22,111
ITACIBÁ - ES,SANTANA - ES,060447 - SANTANA II,3,0,48,9,57
ITACIBÁ - ES,SANTANA - ES,060304 - TABAJARA,3,0,106,30,136
ITACIBÁ - ES,SANTANA - ES,060111 - VALVERDE I,0,2,42,10,52
ITACIBÁ - ES,SANTANA - ES,060716 - VALVERDE II,3,1,45,16,61
ITACIBÁ - ES,SANTANA - ES,060738 - VALVERDE III,0,0,32,3,35
PORTO DE SANTANA - ES,FLEXAL  - ES,060864 - FLEXAL I,7,0,87,17,104
PORTO DE SANTANA - ES,FLEXAL  - ES,060215 - FLEXAL II-I,4,2,58,23,81
PORTO DE SANTANA - ES,FLEXAL  - ES,060529 - FLEXAL II-II,0,0,48,12,60
PORTO DE SANTANA - ES,FLEXAL  - ES,060320 - NOVA CANAÃ,0,0,44,12,56
PORTO DE SANTANA - ES,FLEXAL  - ES,060405 - VILA PRUDÊNCIO I,2,0,56,9,65
PORTO DE SANTANA - ES,FLEXAL  - ES,060869 - VILA PRUDÊNCIO II,1,0,52,25,77
PORTO DE SANTANA - ES,PORTO DE SANTANA - ES,060146 - MORRO DO MEIO I,4,0,95,20,115
PORTO DE SANTANA - ES,PORTO DE SANTANA - ES,060043 - PORTO DE SANTANA I,3,0,126,24,150
PORTO DE SANTANA - ES,PORTO DE SANTANA - ES,060145 - SESI,1,0,80,16,96
PORTO DE SANTANA - ES,PORTO DE SANTANA - ES,060598 - VILA OÁSIS,2,0,29,9,38
PORTO DE SANTANA - ES,PORTO NOVO - ES,060081 - MORRO DA APARECIDA I,1,0,37,13,50
PORTO DE SANTANA - ES,PORTO NOVO - ES,060723 - MORRO DA APARECIDA II,2,0,54,11,65
PORTO DE SANTANA - ES,PORTO NOVO - ES,060800 - MORRO DA APARECIDA III,0,0,48,8,56
PORTO DE SANTANA - ES,PORTO NOVO - ES,060170 - PORTO NOVO I,2,0,37,10,47
PORTO DE SANTANA - ES,PORTO NOVO - ES,060724 - PORTO NOVO II,6,0,111,10,121
PORTO DE SANTANA - ES,PORTO NOVO - ES,060432 - RETIRO SAUDOSO,2,0,36,6,42
SANTA MARIA DE JETIBÁ,SANTA MARIA DE JETIBÁ,061304 - ASSENTAMENTO ITA,3,0,26,6,32
SANTA MARIA DE JETIBÁ,SANTA MARIA DE JETIBÁ,061289 - CARAMURU,1,1,29,15,44
SANTA MARIA DE JETIBÁ,SANTA MARIA DE JETIBÁ,060310 - CENTRAL,1,2,73,22,95
SANTA MARIA DE JETIBÁ,SANTA MARIA DE JETIBÁ,061464 - GARRAFÃO,3,0,29,9,38
SANTA MARIA DE JETIBÁ,SANTA MARIA DE JETIBÁ,060235 - ITAGUAÇÚ I,2,0,44,9,53
SANTA MARIA DE JETIBÁ,SANTA MARIA DE JETIBÁ,060932 - ITAGUAÇÚ II,1,0,59,7,66
SANTA MARIA DE JETIBÁ,SANTA MARIA DE JETIBÁ,061320 - ITAIMBÉ,0,0,18,6,24
SANTA MARIA DE JETIBÁ,SANTA MARIA DE JETIBÁ,060933 - ITARANA,0,0,25,2,27
SANTA MARIA DE JETIBÁ,SANTA MARIA DE JETIBÁ,061337 - LARANJA DA TERRA,1,0,13,3,16
SANTA MARIA DE JETIBÁ,SANTA MARIA DE JETIBÁ,061460 - PROJETADA- RIO POSMOSER,0,0,27,13,40
SANTA MARIA DE JETIBÁ,SANTA MARIA DE JETIBÁ,060966 - RECREIO,1,0,21,5,26
SANTA MARIA DE JETIBÁ,SANTA MARIA DE JETIBÁ,060048 - SANTA TERESA I,1,1,74,13,87
SANTA MARIA DE JETIBÁ,SANTA MARIA DE JETIBÁ,060979 - SANTA TERESA II,1,0,84,19,103
SANTA MARIA DE JETIBÁ,SANTA MARIA DE JETIBÁ,060831 - VILA NOVA SMJ,7,0,95,18,113
VILA CAPIXABA - ES,NOVA BRASÍLIA  - ES,060026 - ITANGUÁ,3,2,82,19,101
VILA CAPIXABA - ES,NOVA BRASÍLIA  - ES,060286 - NOVA BRASÍLIA I,6,3,82,21,103
VILA CAPIXABA - ES,NOVA BRASÍLIA  - ES,060653 - NOVA BRASÍLIA II,1,2,87,27,114
VILA CAPIXABA - ES,NOVA BRASÍLIA  - ES,060786 - NOVA BRASÍLIA III,1,0,52,19,71
VILA CAPIXABA - ES,NOVA BRASÍLIA  - ES,060901 - RIO BRANCO,2,2,60,9,69
VILA CAPIXABA - ES,NOVO BRASIL - ES,060065 - BAIRRO OPERÁRIO,3,0,70,10,80
VILA CAPIXABA - ES,NOVO BRASIL - ES,061463 - BOA VISTA - RODA D'ÁGUA,1,3,36,11,47
VILA CAPIXABA - ES,NOVO BRASIL - ES,060728 - FLOR DE PIRANEMA,1,0,73,6,79
VILA CAPIXABA - ES,NOVO BRASIL - ES,060227 - NOVO BRASIL,6,0,96,19,115
VILA CAPIXABA - ES,NOVO BRASIL - ES,060862 - NOVO HORIZONTE,2,1,52,5,57
VILA CAPIXABA - ES,NOVO BRASIL - ES,060607 - RODA D ÁGUA,1,0,43,10,53
VILA CAPIXABA - ES,NOVO BRASIL - ES,060492 - VALE DOS REIS,2,3,100,25,125
VILA CAPIXABA - ES,NOVO BRASIL - ES,060190 - VISTA DOURADA,5,2,124,9,133
VILA CAPIXABA - ES,VILA CAPIXABA  - ES,060756 - DOM BOSCO,4,1,55,6,61
VILA CAPIXABA - ES,VILA CAPIXABA  - ES,060662 - JARDIM PIRANEMA,1,1,48,12,60
VILA CAPIXABA - ES,VILA CAPIXABA  - ES,061497 - JARDIM PIRANEMA II,1,0,37,9,46
VILA CAPIXABA - ES,VILA CAPIXABA  - ES,060288 - MUCURI,6,2,125,9,134
VILA CAPIXABA - ES,VILA CAPIXABA  - ES,060258 - PARAÍSO,2,0,75,7,82
VILA CAPIXABA - ES,VILA CAPIXABA  - ES,060152 - SANTA CECILIA,2,1,126,8,134
VILA CAPIXABA - ES,VILA CAPIXABA  - ES,060887 - VILA CAPIXABA - ALEGRE,2,1,73,4,77
VILA CAPIXABA - ES,VILA CAPIXABA  - ES,060039 - VILA CAPIXABA - CARIACICA,6,2,165,46,211
VILA CAPIXABA - ES,VILA CAPIXABA  - ES,060888 - VILA INDEPENDENCIA - MANGUEI,3,0,61,35,96